{
	"$schema": "https://biomejs.dev/schemas/1.4.1/schema.json",
	"organizeImports": {
		"enabled": true
	},
	"linter": {
		"enabled": true,
		"rules": {
			"recommended": true,
			"style": {
				"useBlockStatements": "error",
				"noNonNullAssertion": "off"
			},
			"nursery": {
				"noUnusedImports": "error"
			},
			"correctness": {
				"noUnusedVariables": "error"
			}
		}
	},
	"formatter": {
		"enabled": true,
		"formatWithErrors": true
	},
	"javascript": {
		"formatter": {
			"quoteStyle": "single"
		}
	},
	"files": {
		"ignore": ["build", "dist", "coverage"]
	}
}
